INC.,77701
LLC,41416
INC,19467
CORPORATION,7589
GROUP,4310
CO.,4099
"GROUP,",3978
COMPANY,3181
CORP.,2632
USA,2430
"USA,",2122
P.C.,2059
PC,1985
LLC.,1856
LTD.,1804
CORP,1803
LLP,1779
"COMPANY,",1471
LP,1299
PLLC,1211
LTD,1071
INCORPORATED,1037
P.A.,750
"CO.,",667
"CO,.",667
CO.,667
PA,626
LIMITED,560
L.P.,512
"INC.,",495
CO,448
DBA,401
L.L.C.,392
CPA,386
(USA),358
U.S.,318
D/B/A,317
"US,",297
CORPORATE,219
"CPA,",207
"(USA),",204
DDS,154
"CORPORATION,",136
PLC,132
(US),131
"INC,",130
"LLC,",129
"U.S.A.,",125
"DDS,",117
U.S.A.,100
CPAS,95
P.C,83
"U.S.,",81
NA,81
"CPAS,",79
N.A.,69
PC.,56
"D.D.S.,",55
PLLC.,50
(U.S.),49
(U.S.A.),46
LLP.,45
"(US),",44
"NA,",41
L.C.,38
"CORP.,",36
"LTD.,",35
PVT.,34
LCC,32
D.C.,32
P.A,30
D.D.S.,29
LLLP,29
S.A.,28
INCORPORATION,25
PVT,24
"(U.S.A.),",23
P.L.L.C.,23
"LIMITED,",23
L.L.C,22
CORPORATI,21
"CORP,",19
"COOPERATIVE,",19
"C.P.A.,",19
CORPORA,19
D.P.C.,18
D.B.A.,18
P.L.,16
L.P,16
CO.INC,13
"COMPANY,INC.",6
"INCORPORATED,",6
INCORPORATE,5
CO-OP,5
CO.LTD,4
COORPORATION,3
INCORPORAT,3
COMPANY.,3
INCORPORATED.,2
INCORPORTED,2
INCORP.,2
PVT.LTD.,2
"COMPANY,LLC",2
INCORPORTATED,2
INCORPRATED,2
INCORPOATED,1
INCORPPORATED,1
"CO,.LTD",1
"CO.,LTD.",1
CO.LTD,1
CO.),1
&CO,1
"CO.,L.P.",1
CO.L.P.,1
"(CO).,",1
(CO).,1
CO;,1
CO:,1
